weekNum,gameTimeEastern,homeID,homeTeam,visitorID,visitorTeam
1,9/8/2011 20:30:00,GB,Packers,NO,Saints
1,9/11/2011 13:00:00,HOU,Texans,IND,Colts
1,9/11/2011 13:00:00,BAL,Ravens,PIT,Steelers
1,9/11/2011 13:00:00,JAX,Jaguars,TEN,Titans
1,9/11/2011 13:00:00,TB,Buccaneers,DET,Lions
1,9/11/2011 13:00:00,STL,Rams,PHI,Eagles
1,9/11/2011 13:00:00,KC,Chiefs,BUF,Bills
1,9/11/2011 13:00:00,CLE,Browns,CIN,Bengals
1,9/11/2011 13:00:00,CHI,Bears,ATL,Falcons
1,9/11/2011 16:15:00,WAS,Redskins,NYG,Giants
1,9/11/2011 16:15:00,SF,49ers,SEA,Seahawks
1,9/11/2011 16:15:00,SD,Chargers,MIN,Vikings
1,9/11/2011 16:15:00,ARI,Cardinals,CAR,Panthers
1,9/11/2011 20:20:00,NYJ,Jets,DAL,Cowboys
1,9/12/2011 19:00:00,MIA,Dolphins,NE,Patriots
1,9/12/2011 22:15:00,DEN,Broncos,OAK,Raiders
2,9/18/2011 13:00:00,NYJ,Jets,JAX,Jaguars
2,9/18/2011 13:00:00,PIT,Steelers,SEA,Seahawks
2,9/18/2011 13:00:00,WAS,Redskins,ARI,Cardinals
2,9/18/2011 13:00:00,CAR,Panthers,GB,Packers
2,9/18/2011 13:00:00,NO,Saints,CHI,Bears
2,9/18/2011 13:00:00,MIN,Vikings,TB,Buccaneers
2,9/18/2011 13:00:00,IND,Colts,CLE,Browns
2,9/18/2011 13:00:00,TEN,Titans,BAL,Ravens
2,9/18/2011 13:00:00,DET,Lions,KC,Chiefs
2,9/18/2011 13:00:00,BUF,Bills,OAK,Raiders
2,9/18/2011 16:05:00,SF,49ers,DAL,Cowboys
2,9/18/2011 16:15:00,NE,Patriots,SD,Chargers
2,9/18/2011 16:15:00,MIA,Dolphins,HOU,Texans
2,9/18/2011 16:15:00,DEN,Broncos,CIN,Bengals
2,9/18/2011 20:20:00,ATL,Falcons,PHI,Eagles
2,9/19/2011 20:30:00,NYG,Giants,STL,Rams
3,9/25/2011 13:00:00,CAR,Panthers,JAX,Jaguars
3,9/25/2011 13:00:00,PHI,Eagles,NYG,Giants
3,9/25/2011 13:00:00,NO,Saints,HOU,Texans
3,9/25/2011 13:00:00,MIN,Vikings,DET,Lions
3,9/25/2011 13:00:00,TEN,Titans,DEN,Broncos
3,9/25/2011 13:00:00,CLE,Browns,MIA,Dolphins
3,9/25/2011 13:00:00,CIN,Bengals,SF,49ers
3,9/25/2011 13:00:00,BUF,Bills,NE,Patriots
3,9/25/2011 16:05:00,OAK,Raiders,NYJ,Jets
3,9/25/2011 16:05:00,STL,Rams,BAL,Ravens
3,9/25/2011 16:05:00,SD,Chargers,KC,Chiefs
3,9/25/2011 16:15:00,TB,Buccaneers,ATL,Falcons
3,9/25/2011 16:15:00,SEA,Seahawks,ARI,Cardinals
3,9/25/2011 16:15:00,CHI,Bears,GB,Packers
3,9/25/2011 20:20:00,IND,Colts,PIT,Steelers
3,9/26/2011 20:30:00,DAL,Cowboys,WAS,Redskins
4,10/2/2011 13:00:00,HOU,Texans,PIT,Steelers
4,10/2/2011 13:00:00,JAX,Jaguars,NO,Saints
4,10/2/2011 13:00:00,PHI,Eagles,SF,49ers
4,10/2/2011 13:00:00,STL,Rams,WAS,Redskins
4,10/2/2011 13:00:00,KC,Chiefs,MIN,Vikings
4,10/2/2011 13:00:00,DAL,Cowboys,DET,Lions
4,10/2/2011 13:00:00,CLE,Browns,TEN,Titans
4,10/2/2011 13:00:00,CIN,Bengals,BUF,Bills
4,10/2/2011 13:00:00,CHI,Bears,CAR,Panthers
4,10/2/2011 16:05:00,ARI,Cardinals,NYG,Giants
4,10/2/2011 16:05:00,SEA,Seahawks,ATL,Falcons
4,10/2/2011 16:15:00,SD,Chargers,MIA,Dolphins
4,10/2/2011 16:15:00,OAK,Raiders,NE,Patriots
4,10/2/2011 16:15:00,GB,Packers,DEN,Broncos
4,10/2/2011 20:20:00,BAL,Ravens,NYJ,Jets
4,10/3/2011 20:30:00,TB,Buccaneers,IND,Colts
5,10/9/2011 13:00:00,HOU,Texans,OAK,Raiders
5,10/9/2011 13:00:00,JAX,Jaguars,CIN,Bengals
5,10/9/2011 13:00:00,CAR,Panthers,NO,Saints
5,10/9/2011 13:00:00,PIT,Steelers,TEN,Titans
5,10/9/2011 13:00:00,NYG,Giants,SEA,Seahawks
5,10/9/2011 13:00:00,MIN,Vikings,ARI,Cardinals
5,10/9/2011 13:00:00,IND,Colts,KC,Chiefs
5,10/9/2011 13:00:00,BUF,Bills,PHI,Eagles
5,10/9/2011 16:05:00,SF,49ers,TB,Buccaneers
5,10/9/2011 16:15:00,NE,Patriots,NYJ,Jets
5,10/9/2011 16:15:00,DEN,Broncos,SD,Chargers
5,10/9/2011 20:20:00,ATL,Falcons,GB,Packers
5,10/10/2011 20:30:00,DET,Lions,CHI,Bears
6,10/16/2011 13:00:00,WAS,Redskins,PHI,Eagles
6,10/16/2011 13:00:00,PIT,Steelers,JAX,Jaguars
6,10/16/2011 13:00:00,NYG,Giants,BUF,Bills
6,10/16/2011 13:00:00,GB,Packers,STL,Rams
6,10/16/2011 13:00:00,DET,Lions,SF,49ers
6,10/16/2011 13:00:00,CIN,Bengals,IND,Colts
6,10/16/2011 13:00:00,ATL,Falcons,CAR,Panthers
6,10/16/2011 16:05:00,OAK,Raiders,CLE,Browns
6,10/16/2011 16:05:00,BAL,Ravens,HOU,Texans
6,10/16/2011 16:15:00,NE,Patriots,DAL,Cowboys
6,10/16/2011 16:15:00,TB,Buccaneers,NO,Saints
6,10/16/2011 20:20:00,CHI,Bears,MIN,Vikings
6,10/17/2011 20:30:00,NYJ,Jets,MIA,Dolphins
7,10/23/2011 13:00:00,CLE,Browns,SEA,Seahawks
7,10/23/2011 13:00:00,DET,Lions,ATL,Falcons
7,10/23/2011 13:00:00,TEN,Titans,HOU,Texans
7,10/23/2011 13:00:00,MIA,Dolphins,DEN,Broncos
7,10/23/2011 13:00:00,NYJ,Jets,SD,Chargers
7,10/23/2011 13:00:00,TB,Buccaneers,CHI,Bears
7,10/23/2011 13:00:00,CAR,Panthers,WAS,Redskins
7,10/23/2011 16:05:00,ARI,Cardinals,PIT,Steelers
7,10/23/2011 16:05:00,OAK,Raiders,KC,Chiefs
7,10/23/2011 16:15:00,DAL,Cowboys,STL,Rams
7,10/23/2011 16:15:00,MIN,Vikings,GB,Packers
7,10/23/2011 20:20:00,NO,Saints,IND,Colts
7,10/24/2011 20:30:00,JAX,Jaguars,BAL,Ravens
8,10/30/2011 13:00:00,HOU,Texans,JAX,Jaguars
8,10/30/2011 13:00:00,BAL,Ravens,ARI,Cardinals
8,10/30/2011 13:00:00,CAR,Panthers,MIN,Vikings
8,10/30/2011 13:00:00,NYG,Giants,MIA,Dolphins
8,10/30/2011 13:00:00,STL,Rams,NO,Saints
8,10/30/2011 13:00:00,TEN,Titans,IND,Colts
8,10/30/2011 16:05:00,BUF,Bills,WAS,Redskins
8,10/30/2011 16:05:00,DEN,Broncos,DET,Lions
8,10/30/2011 16:15:00,SEA,Seahawks,CIN,Bengals
8,10/30/2011 16:15:00,SF,49ers,CLE,Browns
8,10/30/2011 16:15:00,PIT,Steelers,NE,Patriots
8,10/30/2011 20:20:00,PHI,Eagles,DAL,Cowboys
8,10/31/2011 20:30:00,KC,Chiefs,SD,Chargers
9,11/6/2011 13:00:00,HOU,Texans,CLE,Browns
9,11/6/2011 13:00:00,WAS,Redskins,SF,49ers
9,11/6/2011 13:00:00,NO,Saints,TB,Buccaneers
9,11/6/2011 13:00:00,KC,Chiefs,MIA,Dolphins
9,11/6/2011 13:00:00,IND,Colts,ATL,Falcons
9,11/6/2011 13:00:00,DAL,Cowboys,SEA,Seahawks
9,11/6/2011 13:00:00,BUF,Bills,NYJ,Jets
9,11/6/2011 16:05:00,TEN,Titans,CIN,Bengals
9,11/6/2011 16:05:00,OAK,Raiders,DEN,Broncos
9,11/6/2011 16:15:00,NE,Patriots,NYG,Giants
9,11/6/2011 16:15:00,ARI,Cardinals,STL,Rams
9,11/6/2011 16:15:00,SD,Chargers,GB,Packers
9,11/6/2011 20:20:00,PIT,Steelers,BAL,Ravens
9,11/7/2011 20:30:00,PHI,Eagles,CHI,Bears
10,11/10/2011 20:20:00,SD,Chargers,OAK,Raiders
10,11/13/2011 13:00:00,CAR,Panthers,TEN,Titans
10,11/13/2011 13:00:00,TB,Buccaneers,HOU,Texans
10,11/13/2011 13:00:00,PHI,Eagles,ARI,Cardinals
10,11/13/2011 13:00:00,MIA,Dolphins,WAS,Redskins
10,11/13/2011 13:00:00,KC,Chiefs,DEN,Broncos
10,11/13/2011 13:00:00,IND,Colts,JAX,Jaguars
10,11/13/2011 13:00:00,DAL,Cowboys,BUF,Bills
10,11/13/2011 13:00:00,CLE,Browns,STL,Rams
10,11/13/2011 13:00:00,CIN,Bengals,PIT,Steelers
10,11/13/2011 13:00:00,CHI,Bears,DET,Lions
10,11/13/2011 13:00:00,ATL,Falcons,NO,Saints
10,11/13/2011 16:05:00,SEA,Seahawks,BAL,Ravens
10,11/13/2011 16:15:00,SF,49ers,NYG,Giants
10,11/13/2011 20:20:00,NYJ,Jets,NE,Patriots
10,11/14/2011 20:30:00,GB,Packers,MIN,Vikings
11,11/17/2011 20:20:00,DEN,Broncos,NYJ,Jets
11,11/20/2011 13:00:00,BAL,Ravens,CIN,Bengals
11,11/20/2011 13:00:00,WAS,Redskins,DAL,Cowboys
11,11/20/2011 13:00:00,MIN,Vikings,OAK,Raiders
11,11/20/2011 13:00:00,MIA,Dolphins,BUF,Bills
11,11/20/2011 13:00:00,GB,Packers,TB,Buccaneers
11,11/20/2011 13:00:00,DET,Lions,CAR,Panthers
11,11/20/2011 13:00:00,CLE,Browns,JAX,Jaguars
11,11/20/2011 13:00:00,ATL,Falcons,TEN,Titans
11,11/20/2011 16:05:00,STL,Rams,SEA,Seahawks
11,11/20/2011 16:05:00,SF,49ers,ARI,Cardinals
11,11/20/2011 16:15:00,CHI,Bears,SD,Chargers
11,11/20/2011 20:20:00,NYG,Giants,PHI,Eagles
11,11/21/2011 20:30:00,NE,Patriots,KC,Chiefs
12,11/24/2011 12:30:00,DET,Lions,GB,Packers
12,11/24/2011 16:15:00,DAL,Cowboys,MIA,Dolphins
12,11/24/2011 20:20:00,BAL,Ravens,SF,49ers
12,11/27/2011 13:00:00,JAX,Jaguars,HOU,Texans
12,11/27/2011 13:00:00,NYJ,Jets,BUF,Bills
12,11/27/2011 13:00:00,STL,Rams,ARI,Cardinals
12,11/27/2011 13:00:00,IND,Colts,CAR,Panthers
12,11/27/2011 13:00:00,TEN,Titans,TB,Buccaneers
12,11/27/2011 13:00:00,CIN,Bengals,CLE,Browns
12,11/27/2011 13:00:00,ATL,Falcons,MIN,Vikings
12,11/27/2011 16:05:00,OAK,Raiders,CHI,Bears
12,11/27/2011 16:05:00,SEA,Seahawks,WAS,Redskins
12,11/27/2011 16:15:00,PHI,Eagles,NE,Patriots
12,11/27/2011 16:15:00,SD,Chargers,DEN,Broncos
12,11/27/2011 20:20:00,KC,Chiefs,PIT,Steelers
12,11/28/2011 20:30:00,NO,Saints,NYG,Giants
13,12/1/2011 20:20:00,SEA,Seahawks,PHI,Eagles
13,12/4/2011 13:00:00,BUF,Bills,TEN,Titans
13,12/4/2011 13:00:00,HOU,Texans,ATL,Falcons
13,12/4/2011 13:00:00,WAS,Redskins,NYJ,Jets
13,12/4/2011 13:00:00,TB,Buccaneers,CAR,Panthers
13,12/4/2011 13:00:00,PIT,Steelers,CIN,Bengals
13,12/4/2011 13:00:00,NO,Saints,DET,Lions
13,12/4/2011 13:00:00,MIA,Dolphins,OAK,Raiders
13,12/4/2011 13:00:00,CLE,Browns,BAL,Ravens
13,12/4/2011 13:00:00,CHI,Bears,KC,Chiefs
13,12/4/2011 16:05:00,MIN,Vikings,DEN,Broncos
13,12/4/2011 16:15:00,SF,49ers,STL,Rams
13,12/4/2011 16:15:00,ARI,Cardinals,DAL,Cowboys
13,12/4/2011 16:15:00,NYG,Giants,GB,Packers
13,12/4/2011 20:20:00,NE,Patriots,IND,Colts
13,12/5/2011 20:30:00,JAX,Jaguars,SD,Chargers
14,12/8/2011 20:20:00,PIT,Steelers,CLE,Browns
14,12/11/2011 13:00:00,CIN,Bengals,HOU,Texans
14,12/11/2011 13:00:00,BAL,Ravens,IND,Colts
14,12/11/2011 13:00:00,JAX,Jaguars,TB,Buccaneers
14,12/11/2011 13:00:00,CAR,Panthers,ATL,Falcons
14,12/11/2011 13:00:00,WAS,Redskins,NE,Patriots
14,12/11/2011 13:00:00,NYJ,Jets,KC,Chiefs
14,12/11/2011 13:00:00,MIA,Dolphins,PHI,Eagles
14,12/11/2011 13:00:00,TEN,Titans,NO,Saints
14,12/11/2011 13:00:00,GB,Packers,OAK,Raiders
14,12/11/2011 13:00:00,DET,Lions,MIN,Vikings
14,12/11/2011 16:05:00,DEN,Broncos,CHI,Bears
14,12/11/2011 16:05:00,ARI,Cardinals,SF,49ers
14,12/11/2011 16:15:00,SD,Chargers,BUF,Bills
14,12/11/2011 20:20:00,DAL,Cowboys,NYG,Giants
14,12/12/2011 20:30:00,SEA,Seahawks,STL,Rams
15,12/15/2011 20:20:00,ATL,Falcons,JAX,Jaguars
15,12/17/2011 20:20:00,TB,Buccaneers,DAL,Cowboys
15,12/18/2011 13:00:00,HOU,Texans,CAR,Panthers
15,12/18/2011 13:00:00,NYG,Giants,WAS,Redskins
15,12/18/2011 13:00:00,MIN,Vikings,NO,Saints
15,12/18/2011 13:00:00,STL,Rams,CIN,Bengals
15,12/18/2011 13:00:00,KC,Chiefs,GB,Packers
15,12/18/2011 13:00:00,IND,Colts,TEN,Titans
15,12/18/2011 13:00:00,CHI,Bears,SEA,Seahawks
15,12/18/2011 13:00:00,BUF,Bills,MIA,Dolphins
15,12/18/2011 16:05:00,OAK,Raiders,DET,Lions
15,12/18/2011 16:15:00,ARI,Cardinals,CLE,Browns
15,12/18/2011 16:15:00,PHI,Eagles,NYJ,Jets
15,12/18/2011 16:15:00,DEN,Broncos,NE,Patriots
15,12/18/2011 20:20:00,SD,Chargers,BAL,Ravens
15,12/19/2011 20:30:00,SF,49ers,PIT,Steelers
16,12/22/2011 20:20:00,IND,Colts,HOU,Texans
16,12/24/2011 13:00:00,BUF,Bills,DEN,Broncos
16,12/24/2011 13:00:00,CAR,Panthers,TB,Buccaneers
16,12/24/2011 13:00:00,WAS,Redskins,MIN,Vikings
16,12/24/2011 13:00:00,PIT,Steelers,STL,Rams
16,12/24/2011 13:00:00,NYJ,Jets,NYG,Giants
16,12/24/2011 13:00:00,NE,Patriots,MIA,Dolphins
16,12/24/2011 13:00:00,KC,Chiefs,OAK,Raiders
16,12/24/2011 13:00:00,TEN,Titans,JAX,Jaguars
16,12/24/2011 13:00:00,CIN,Bengals,ARI,Cardinals
16,12/24/2011 13:00:00,BAL,Ravens,CLE,Browns
16,12/24/2011 16:05:00,DET,Lions,SD,Chargers
16,12/24/2011 16:15:00,DAL,Cowboys,PHI,Eagles
16,12/24/2011 16:15:00,SEA,Seahawks,SF,49ers
16,12/25/2011 20:20:00,GB,Packers,CHI,Bears
16,12/26/2011 20:30:00,NO,Saints,ATL,Falcons
17,1/1/2012 13:00:00,NO,Saints,CAR,Panthers
17,1/1/2012 13:00:00,NYG,Giants,DAL,Cowboys
17,1/1/2012 13:00:00,PHI,Eagles,WAS,Redskins
17,1/1/2012 13:00:00,JAX,Jaguars,IND,Colts
17,1/1/2012 13:00:00,HOU,Texans,TEN,Titans
17,1/1/2012 13:00:00,NE,Patriots,BUF,Bills
17,1/1/2012 13:00:00,MIN,Vikings,CHI,Bears
17,1/1/2012 13:00:00,MIA,Dolphins,NYJ,Jets
17,1/1/2012 13:00:00,STL,Rams,SF,49ers
17,1/1/2012 13:00:00,GB,Packers,DET,Lions
17,1/1/2012 13:00:00,CLE,Browns,PIT,Steelers
17,1/1/2012 13:00:00,CIN,Bengals,BAL,Ravens
17,1/1/2012 13:00:00,ATL,Falcons,TB,Buccaneers
17,1/1/2012 16:15:00,DEN,Broncos,KC,Chiefs
17,1/1/2012 16:15:00,OAK,Raiders,SD,Chargers
17,1/1/2012 16:15:00,ARI,Cardinals,SEA,Seahawks
